{"cameraMode":{"drawMode":0,"name":"Shaded","section":"Shading Mode"},"sceneLighting":false,"audioPlay":false,"sceneViewState":{"showFog":true,"showMaterialUpdate":false,"showSkybox":false,"showFlares":true,"showImageEffects":true,"showParticleSystems":true},"in2DMode":false,"pivot":{"x":0.3294999897480011,"y":-2.6975998878479006,"z":-3.369396686553955},"rotation":{"x":0.000577937054913491,"y":-0.9974034428596497,"z":0.07223572582006455,"w":0.007477517239749432},"size":6.760706901550293,"orthographic":true}