{"cameraMode":{"drawMode":0,"name":"Shaded","section":"Shading Mode"},"sceneLighting":false,"audioPlay":false,"sceneViewState":{"showFog":true,"showMaterialUpdate":false,"showSkybox":false,"showFlares":true,"showImageEffects":true,"showParticleSystems":true},"in2DMode":false,"pivot":{"x":-1.190000057220459,"y":-1.7496411800384522,"z":-0.28712016344070437},"rotation":{"x":0.16812410950660706,"y":0.2212006151676178,"z":-0.038744907826185229,"w":0.9598461389541626},"size":0.5710926055908203,"orthographic":true}