{"cameraMode":{"drawMode":0,"name":"Shaded","section":"Shading Mode"},"sceneLighting":false,"audioPlay":false,"sceneViewState":{"showFog":true,"showMaterialUpdate":false,"showSkybox":false,"showFlares":true,"showImageEffects":true,"showParticleSystems":true},"in2DMode":false,"pivot":{"x":-2.7271246910095217,"y":-4.019999980926514,"z":0.5370000004768372},"rotation":{"x":0.2263002097606659,"y":-0.25899848341941836,"z":0.06255818158388138,"w":0.9369080662727356},"size":0.5710926651954651,"orthographic":true}