{"cameraMode":{"drawMode":0,"name":"Shaded","section":"Shading Mode"},"sceneLighting":false,"audioPlay":false,"sceneViewState":{"showFog":true,"showMaterialUpdate":false,"showSkybox":false,"showFlares":true,"showImageEffects":true,"showParticleSystems":true},"in2DMode":false,"pivot":{"x":0.3295000195503235,"y":-2.6975998878479006,"z":-3.369396686553955},"rotation":{"x":-0.0923604816198349,"y":0.7207609415054321,"z":-0.09789679199457169,"w":-0.6799959540367127},"size":0.9826872944831848,"orthographic":true}