{"cameraMode":{"drawMode":0,"name":"Shaded","section":"Shading Mode"},"sceneLighting":false,"audioPlay":false,"sceneViewState":{"showFog":true,"showMaterialUpdate":false,"showSkybox":false,"showFlares":true,"showImageEffects":true,"showParticleSystems":true},"in2DMode":false,"pivot":{"x":-13.12899398803711,"y":-3.215015411376953,"z":-6.310091972351074},"rotation":{"x":-0.0758940577507019,"y":0.11669109016656876,"z":-0.009010011330246926,"w":-0.9902703762054443},"size":2.4332170486450197,"orthographic":true}