{"cameraMode":{"drawMode":0,"name":"Shaded","section":"Shading Mode"},"sceneLighting":false,"audioPlay":false,"sceneViewState":{"showFog":true,"showMaterialUpdate":false,"showSkybox":false,"showFlares":true,"showImageEffects":true,"showParticleSystems":true},"in2DMode":false,"pivot":{"x":0.3294999897480011,"y":-2.6975998878479006,"z":-3.369396686553955},"rotation":{"x":0.0036277901381254198,"y":-0.7105158567428589,"z":0.0035824235528707506,"w":0.7037294507026672},"size":2.138338565826416,"orthographic":true}