{"cameraMode":{"drawMode":0,"name":"Shaded","section":"Shading Mode"},"sceneLighting":false,"audioPlay":false,"sceneViewState":{"showFog":true,"showMaterialUpdate":false,"showSkybox":false,"showFlares":true,"showImageEffects":true,"showParticleSystems":true},"in2DMode":false,"pivot":{"x":-13.08830738067627,"y":-2.6628212928771974,"z":-7.10227632522583},"rotation":{"x":-0.021543018519878389,"y":-0.6660979986190796,"z":0.019106514751911165,"w":-0.7453585267066956},"size":0.006411554757505655,"orthographic":true}