{"cameraMode":{"drawMode":0,"name":"Shaded","section":"Shading Mode"},"sceneLighting":true,"audioPlay":false,"sceneViewState":{"showFog":true,"showMaterialUpdate":false,"showSkybox":true,"showFlares":true,"showImageEffects":true,"showParticleSystems":true},"in2DMode":false,"pivot":{"x":139.0178680419922,"y":280.5935974121094,"z":23.84990692138672},"rotation":{"x":0.2272450476884842,"y":-0.045264698565006259,"z":0.010573692619800568,"w":0.9727297425270081},"size":299.2761535644531,"orthographic":true}