{"cameraMode":{"drawMode":0,"name":"Shaded","section":"Shading Mode"},"sceneLighting":false,"audioPlay":false,"sceneViewState":{"showFog":true,"showMaterialUpdate":false,"showSkybox":false,"showFlares":true,"showImageEffects":true,"showParticleSystems":true},"in2DMode":false,"pivot":{"x":0.34028637409210207,"y":-3.0559988021850588,"z":-3.317876100540161},"rotation":{"x":-0.006580941844731569,"y":-0.8039378523826599,"z":0.008936833590269089,"w":-0.5947055220603943},"size":1.7583471536636353,"orthographic":true}