{"cameraMode":{"drawMode":0,"name":"Shaded","section":"Shading Mode"},"sceneLighting":false,"audioPlay":false,"sceneViewState":{"showFog":true,"showMaterialUpdate":false,"showSkybox":false,"showFlares":true,"showImageEffects":true,"showParticleSystems":true},"in2DMode":false,"pivot":{"x":-5.27810001373291,"y":-3.849600076675415,"z":-5.476500034332275},"rotation":{"x":-0.546850860118866,"y":0.09869559109210968,"z":-0.0651085302233696,"w":-0.8288731575012207},"size":1.4246431589126588,"orthographic":true}