{"cameraMode":{"drawMode":0,"name":"Shaded","section":"Shading Mode"},"sceneLighting":false,"audioPlay":false,"sceneViewState":{"showFog":true,"showMaterialUpdate":false,"showSkybox":false,"showFlares":true,"showImageEffects":true,"showParticleSystems":true},"in2DMode":false,"pivot":{"x":-5.27810001373291,"y":-3.849600076675415,"z":-5.476500034332275},"rotation":{"x":-0.4258453845977783,"y":0.08934632688760758,"z":-0.04229540005326271,"w":-0.8994108438491821},"size":1.4246431589126588,"orthographic":true}