{"cameraMode":{"drawMode":0,"name":"Shaded","section":"Shading Mode"},"sceneLighting":false,"audioPlay":false,"sceneViewState":{"showFog":true,"showMaterialUpdate":false,"showSkybox":false,"showFlares":true,"showImageEffects":true,"showParticleSystems":true},"in2DMode":false,"pivot":{"x":-1.190000057220459,"y":-1.7496411800384522,"z":-0.28712016344070437},"rotation":{"x":0.19998502731323243,"y":0.49751245975494387,"z":-0.11906291544437409,"w":0.835651695728302},"size":0.5710926055908203,"orthographic":true}