{"cameraMode":{"drawMode":0,"name":"Shaded","section":"Shading Mode"},"sceneLighting":false,"audioPlay":false,"sceneViewState":{"showFog":true,"showMaterialUpdate":false,"showSkybox":false,"showFlares":true,"showImageEffects":true,"showParticleSystems":true},"in2DMode":false,"pivot":{"x":-13.12899398803711,"y":-3.215015411376953,"z":-6.310091972351074},"rotation":{"x":0.03663269057869911,"y":0.5394035577774048,"z":0.023440644145011903,"w":-0.8409808278083801},"size":2.4332170486450197,"orthographic":true}