{"cameraMode":{"drawMode":0,"name":"Shaded","section":"Shading Mode"},"sceneLighting":false,"audioPlay":false,"sceneViewState":{"showFog":true,"showMaterialUpdate":false,"showSkybox":false,"showFlares":true,"showImageEffects":true,"showParticleSystems":true},"in2DMode":false,"pivot":{"x":0.8209292888641357,"y":-2.4438843727111818,"z":-3.4984498023986818},"rotation":{"x":0.15069450438022614,"y":0.8443242907524109,"z":-0.31030988693237307,"w":0.4100416600704193},"size":7.333615779876709,"orthographic":true}