{"cameraMode":{"drawMode":0,"name":"Shaded","section":"Shading Mode"},"sceneLighting":false,"audioPlay":false,"sceneViewState":{"showFog":true,"showMaterialUpdate":false,"showSkybox":false,"showFlares":true,"showImageEffects":true,"showParticleSystems":true},"in2DMode":false,"pivot":{"x":-13.257465362548829,"y":-3.1587400436401369,"z":-6.304372310638428},"rotation":{"x":0.10864315927028656,"y":0.08014681190252304,"z":-0.008663184940814972,"w":0.9908723831176758},"size":2.4332170486450197,"orthographic":true}