{"cameraMode":{"drawMode":0,"name":"Shaded","section":"Shading Mode"},"sceneLighting":true,"audioPlay":false,"sceneViewState":{"showFog":true,"showMaterialUpdate":false,"showSkybox":true,"showFlares":true,"showImageEffects":true,"showParticleSystems":true},"in2DMode":false,"pivot":{"x":-23.697555541992189,"y":16.6817626953125,"z":45.09260940551758},"rotation":{"x":-0.27806100249290469,"y":-0.4718805253505707,"z":0.15968750417232514,"w":-0.8213526606559753},"size":35.79191207885742,"orthographic":true}