{"cameraMode":{"drawMode":0,"name":"Shaded","section":"Shading Mode"},"sceneLighting":false,"audioPlay":false,"sceneViewState":{"showFog":true,"showMaterialUpdate":false,"showSkybox":false,"showFlares":true,"showImageEffects":true,"showParticleSystems":true},"in2DMode":false,"pivot":{"x":-1.190000057220459,"y":-1.7496411800384522,"z":-0.28712016344070437},"rotation":{"x":0.14679796993732453,"y":0.5496235489845276,"z":-0.0988217294216156,"w":0.8164552450180054},"size":0.5710926055908203,"orthographic":true}