{"cameraMode":{"drawMode":0,"name":"Shaded","section":"Shading Mode"},"sceneLighting":false,"audioPlay":false,"sceneViewState":{"showFog":true,"showMaterialUpdate":false,"showSkybox":false,"showFlares":true,"showImageEffects":true,"showParticleSystems":true},"in2DMode":false,"pivot":{"x":-13.12899398803711,"y":-3.215015411376953,"z":-6.310091972351074},"rotation":{"x":-0.037542421370744708,"y":-0.9351261258125305,"z":0.10421951860189438,"w":-0.3366888463497162},"size":2.4332170486450197,"orthographic":true}