{"cameraMode":{"drawMode":0,"name":"Shaded","section":"Shading Mode"},"sceneLighting":false,"audioPlay":false,"sceneViewState":{"showFog":true,"showMaterialUpdate":false,"showSkybox":false,"showFlares":true,"showImageEffects":true,"showParticleSystems":true},"in2DMode":false,"pivot":{"x":0.3295000195503235,"y":-2.6975998878479006,"z":-3.369396686553955},"rotation":{"x":0.0037791782524436714,"y":0.7147072553634644,"z":-0.003855060087516904,"w":0.6994085907936096},"size":1.3236968517303467,"orthographic":true}