{"cameraMode":{"drawMode":0,"name":"Shaded","section":"Shading Mode"},"sceneLighting":true,"audioPlay":false,"sceneViewState":{"showFog":true,"showMaterialUpdate":false,"showSkybox":true,"showFlares":true,"showImageEffects":true,"showParticleSystems":true},"in2DMode":false,"pivot":{"x":-11.542423248291016,"y":-9.120208740234375,"z":11.847925186157227},"rotation":{"x":-0.01671789214015007,"y":0.9294406771659851,"z":-0.36617511510849,"w":-0.04241662099957466},"size":48.2622184753418,"orthographic":true}