{"cameraMode":{"drawMode":0,"name":"Shaded","section":"Shading Mode"},"sceneLighting":true,"audioPlay":false,"sceneViewState":{"showFog":true,"showMaterialUpdate":false,"showSkybox":true,"showFlares":true,"showImageEffects":true,"showParticleSystems":true},"in2DMode":false,"pivot":{"x":-17.012493133544923,"y":-22.119483947753908,"z":56.56134033203125},"rotation":{"x":0.2957861125469208,"y":0.6266400814056397,"z":-0.2786877155303955,"w":0.6649739146232605},"size":38.852359771728519,"orthographic":true}